Number,lemma,Category,Level
1,a,(prep.),A1
2,abitare,(v. int.),A1
3,aceto,(s.m.),A1
4,acqua,(s.f.),A1
5,adesso,(avv.),A1
6,aereo,(s.m.),A1
6,aeroplano,(s.m.),A1
7,aeroporto,(s.m.),A1
8,affetto,(s.m.),A1
9,agenzia,(s.f.),A1
10,agosto,(s.m.),A1
11,aiuto,(inter.),A1
12,albergo,(s.m.),A1
13,albero,(s.m.),A1
14,alfabeto,(s.m.),A1
15,alto,(agg.),A1
16,amare,(v.t.),A1
17,ambasciata,(s.f.),A1
18,amico/a,(s.m. – s.f.),A1
19,amore,(s.m),A1
20,anche,(cong.),A1
21,andare,(v. int.),A1
22,animale,(s.m.),A1
23,anno,(s.m.),A1
24,appartamento,(s.m.),A1
25,appuntamento,(s.m.),A1
26,aprile,(s.m.),A1
27,aprire,(v.t.),A1
28,arrivare,(v.intr.),A1
29,arrivederci,(inter.),A1
30,arte,(s.f.),A1
31,ascoltare,(v.t.),A1
32,aspettare,(v.t),A1
33,attento,(agg.),A1
34,attenzione,(s.f.),A1
35,augurio,(s.m.),A1
36,autobus,(s.m.),A1
37,autunno,(s.m.),A1
38,avanti,(avv.),A1
39,avere,(v.t.),A1
40,bacio,(s.m.),A1
41,bagno,(s.m.),A1
42,ballare,(v.int.),A1
43,bambino/a,(s.m - s.f.),A1
44,banca,(s.f.),A1
45,bar,(s.m.),A1
46,bello,(agg.),A1
47,bene,(avv.),A1
48,bere,(v.t.),A1
49,bianco,(agg.),A1
50,bicchiere,(s.m.),A1
51,bici,(cletta)(s.f.),A1
52,biglietto,(s.m.),A1
53,biondo,(agg.),A1
54,birra,(s.f.),A1
55,blu,(agg.),A1
56,borsa,(s.f.),A1
57,bottiglia,(s.f.),A1
58,bravo,(agg. - inter.),A1
59,buonanotte,(inter.),A1
60,buonasera,(inter.),A1
61,buongiorno,(inter.),A1
62,buono,(agg.),A1
63,busta,(s.f.),A1
64,caffè,(s.m.),A1
65,caldo,(agg.),A1
66,calza,(s.f.),A1
67,cambiare,(v.t),A1
68,camera,(s.f.),A1
69,cameriere/a,(s.m.- s.f.),A1
70,camicia,(s.f.),A1
71,campagna,(s.f.),A1
72,cane,(s.m.),A1
73,cantare,(v.t.),A1
74,canzone,(s.f.),A1
75,capello,(s.m.),A1
76,capire,(v.t.),A1
77,cappotto,(s.m.),A1
78,cappuccino,(s.m.),A1
79,carne,(s.f.),A1
80,caro,(agg.),A1
81,carta,(s.f.),A1
82,cartolina,(s.f.),A1
83,casa,(s.f.),A1
84,castano,(agg.),A1
85,cd,(s.m),A1
86,cellulare,(s.m.),A1
87,cena,(s.f.),A1
88,cenare,(v.int.),A1
89,centro,(s.m.),A1
90,cercare,(v.t.),A1
91,certo,(avv.),A1
92,che,(pron.),A1
93,check-in,(s.m.),A1
94,chi,(pron.),A1
95,chiamare/si,(v.t. – v.int. pron.),A1
96,chiave,(s.f.),A1
97,chiesa,(s.f.),A1
98,chiudere,(v.t.),A1
99,ci,(part. pron. luogo),A1
100,ciao,(inter.),A1
101,cibo,(s.m.),A1
102,cin cin,(inter.),A1
103,cinema,(s.m.),A1
104,città,(s.f.),A1
105,classe,(s.f.),A1
106,cognome,(s.m.),A1
107,colazione,(s.f.),A1
108,colore,(s.m.),A1
109,coltello,(s.m),A1
110,come,(avv.),A1
111,cominciare,(v.int.),A1
112,compagno/a,(s.m. – s.f.),A1
113,compleanno,(s.m.),A1
114,comprare,(v.t.),A1
115,computer,(s.m.),A1
116,con,(prep.),A1
117,consolato,(s.m.),A1
118,conto,(s.m.),A1
119,corso,(s.m.),A1
120,corto,(agg.),A1
121,cosa,(s.f.),A1
122,costare,(v.t.),A1
123,credito,(s.m.),A1
124,cucchiaio,(s.m.),A1
125,cucina,(s.f.),A1
126,dare,(v.t.),A1
127,data,(s.f.),A1
128,davanti,(avv.),A1
129,dentro,(avv.),A1
130,destra,(s.f.),A1
131,di,(prep.),A1
132,dicembre,(s.m.),A1
133,dietro,(avv.),A1
134,difficile,(agg.),A1
135,dire,(v.t.),A1
136,doccia,(s.f.),A1
137,documento,(s.m.),A1
138,domanda,(s.f.),A1
139,domandare,(v.t.),A1
140,domani,(avv.),A1
141,domenica,(s.f.),A1
142,donna,(s.f.),A1
143,dopo,(avv.),A1
144,doppio,(agg.),A1
145,dormire,(v.int.),A1
146,dottore/ssa,(s.m. – s.f.),A1
147,dove,(avv.),A1
148,dovere,(v.int.),A1
149,e,(cong.),A1
150,e-mail,(s.f.),A1
151,entrare,(v.int.),A1
152,esercizio,(s.m.),A1
153,essere,(v.int.),A1
154,estate,(s.f.),A1
155,estero,(s.m.),A1
156,euro,(s.m.),A1
157,fabbrica,(s.f.),A1
158,facile,(agg.),A1
159,falso,(agg.),A1
160,fame,(s.f.),A1
161,famiglia,(s.f.),A1
162,fare,(v.t.),A1
163,farmacia,(s.f.),A1
164,favore,(s.m.),A1
165,fax,(s.m.),A1
166,febbraio,(s.m.),A1
167,felice,(agg.),A1
168,femmina,(s.f.),A1
169,fermata,(s.f.),A1
170,festa,(s.f.),A1
171,figlio/a,(s.m. – s.f.),A1
172,film,(s.m.),A1
173,finestra,(s.f.),A1
174,finire,(v.int.),A1
175,fiore,(s.m.),A1
176,forchetta,(s.f.),A1
177,fotografia,(s.f.),A1
178,francobollo,(s.m.),A1
179,fratello,(s.m.),A1
180,freddo,(agg.),A1
181,frutta,(s.f.),A1
182,fumare,(v.t.),A1
183,fuori,(avv.),A1
184,gatto,(s.m.),A1
185,gennaio,(s.m.),A1
186,gentile,(agg.),A1
187,giacca,(s.f.),A1
188,giallo,(agg.),A1
189,giardino,(s.m.),A1
190,giocare,(v.intr.),A1
191,giornale,(s.m.),A1
192,giornata,(s.f.),A1
193,giorno,(s.m.),A1
194,giovane,(agg.),A1
195,giovedì,(s.m.),A1
196,giù,(avv.),A1
197,giugno,(s.m.),A1
198,gli,(art.),A1
199,gonna,(s.f.),A1
200,grande,(agg.),A1
201,grazie,(inter.),A1
202,guardare,(v.t.),A1
203,hobby,(s.m.),A1
204,hotel,(s.m.),A1
205,i,(art.),A1
206,ieri,(avv.),A1
207,il,(art.),A1
208,imparare,(v.t.),A1
209,importante,(agg.),A1
210,in,(prep.),A1
211,incontrare,(v.t.),A1
212,indietro,(avv.),A1
213,indirizzo,(s.m.),A1
214,industria,(s.f.),A1
215,informazione,(s.f.),A1
216,insegnante,(s.m – s.f.),A1
217,insegnare,(v.t.),A1
218,intelligente,(agg.),A1
219,interessante,(agg.),A1
220,internazionale,(agg.),A1
221,internet,(s.f.),A1
222,inverno,(s.m.),A1
223,io,(pron.),A1
224,italiano,(s.m.),A1
225,la,(art.),A1
226,là,(avv.),A1
227,lago,(s.m.),A1
228,largo,(agg.),A1
229,latte,(s.m.),A1
230,lavorare,(v.int.),A1
231,lavoro,(s.m.),A1
232,le,(art.),A1
233,leggere,(v.t.),A1
234,lei,(pron.),A1
235,lettera,(s.f.),A1
236,letto,(s.m.),A1
237,lezione,(s.f.),A1
238,lì,(avv.),A1
239,libro,(s.m.),A1
240,lingua,(s.f.),A1
241,lo,(art.),A1
242,lontano,(avv.),A1
243,loro,(pron.),A1
244,luglio,(s.m.),A1
245,lui,(pron.),A1
246,lunedì,(s.m.),A1
247,lungo,(agg.),A1
248,macchina,(s.f.),A1
249,madre,(s.f.),A1
250,maggio,(s.m.),A1
251,maglietta,(s.f.),A1
252,maglione,(s.m.),A1
253,magro,(agg.),A1
254,mai,(avv.),A1
255,malato,(agg.),A1
256,male,(avv.),A1
257,mamma,(s.f.),A1
258,mangiare,(v.t.),A1
259,mare,(s.m.),A1
260,marito,(s.m.),A1
261,martedì,(s.m.),A1
262,marzo,(s.m.),A1
263,maschio,(s.m.),A1
264,matita,(s.f.),A1
265,mattina,(s.f.),A1
266,me,(pron.),A1
267,medicina,(s.f.),A1
268,meno,(avv.),A1
269,menù,(s.m.),A1
270,mercato,(s.m.),A1
271,mercoledì,(s.m.),A1
272,mese,(s.m.),A1
273,metà,(s.f.),A1
274,mettere,(v.t.),A1
275,mezzanotte,(s.f.),A1
276,mezzo,(agg.),A1
277,mezzogiorno,(s.m.),A1
278,mi,(pron.),A1
279,minuto,(s.m.),A1
280,mio,(agg.),A1
281,moglie,(s.f.),A1
282,molto,(agg. - avv.),A1
283,momento,(s.m.),A1
284,montagna,(s.f.),A1
285,morire,(v. int.),A1
286,moto,(cicletta)(s.f.),A1
287,museo,(s.m.),A1
288,musica,(s.f.),A1
289,nascere,(v.int.),A1
290,Natale,(s.m.),A1
291,nazionalità,(s.f.),A1
292,nazione,(s.f.),A1
293,negozio,(s.m.),A1
294,nero,(agg.),A1
295,nessuno,(pron.),A1
296,niente,(pron. - avv.),A1
297,no,(avv.),A1
298,noi,(pron.),A1
299,nome,(s.m.),A1
300,non,(avv.),A1
301,nonno/a,(s.m. – s.f.),A1
302,notte,(s.f.),A1
303,novembre,(s.m.),A1
304,numero,(s.m.),A1
305,nuovo,(agg.),A1
306,o,(cong.),A1
307,occhiale,(s.m.),A1
308,oggi,(avv.),A1
309,olio,(s.m.),A1
310,ombrello,(s.m.),A1
311,ora,(s.f. - avv.),A1
312,orologio,(s.m.),A1
313,ospedale,(s.m.),A1
314,ottobre,(s.m.),A1
315,pacco,(s.m.),A1
316,padre,(s.m.),A1
317,pagare,(v.t.),A1
318,pane,(s.m.),A1
319,pantalone,(s.m.),A1
320,papà,(s.m.),A1
321,parcheggio,(s.m.),A1
322,parco,(s.m.),A1
323,parlare,(v.t.- v.int.),A1
324,parola,(s.f.),A1
325,partire,(v.int.),A1
326,Pasqua,(s.f.),A1
327,passaporto,(s.m.),A1
328,pasta,(s.f.),A1
329,penna,(s.f.),A1
330,pepe,(s.m.),A1
331,per,(prep.),A1
332,perché,(avv. - cong.),A1
333,pesce,(s.m.),A1
334,piacere,(v.int. - s.m.),A1
335,piano,(avv. – s.m.),A1
336,pianta,(s.f.),A1
337,piatto,(s.m.),A1
338,piazza,(s.f.),A1
339,piccolo,(agg.),A1
340,piovere,(v.int.),A1
341,più,(avv.),A1
342,pizza,(s.f.),A1
343,pizzeria,(s.f.),A1
344,poco,(po’)(agg. – avv.),A1
345,polizia,(s.f.),A1
346,pomeriggio,(s.m.),A1
347,pomodoro,(s.m.),A1
348,porta,(s.f.),A1
349,portare,(v.t.),A1
350,posta,(s.f.),A1
351,posto,(s.m.),A1
352,potere,(v.int.),A1
353,pranzare,(v.int),A1
354,pranzo,(s.m.),A1
355,prego,(inter.),A1
356,prendere,(v.t.),A1
357,prenotare,(v.t.),A1
358,presto,(avv.),A1
359,prezzo,(s.m.),A1
360,primavera,(s.f.),A1
361,professore/ssa,(s.m. – s.f.),A1
362,pulire,(v.t.),A1
363,qua,(avv.),A1
364,quaderno,(s.m.),A1
365,quadro,(s.m.),A1
366,quale,(pron.),A1
367,quando,(avv.),A1
368,quanto,(agg. – pron. – avv.),A1
369,quarto,(s.m.),A1
370,quasi,(avv.),A1
371,quello,(agg. – pron.),A1
372,questo,(agg. – pron.),A1
373,qui,(avv.),A1
374,radio,(s.f.),A1
375,ragazzo/a,(s.m. – s.f.),A1
376,ricco,(agg.),A1
377,ripetere,(v.t.),A1
378,riso,(s.m.),A1
379,rispondere,(v.int.),A1
380,risposta,(s.f.),A1
381,ristorante,(s.m.),A1
382,ritornare,(v.int.),A1
383,rosso,(agg.),A1
384,sabato,(s.m.),A1
385,sale,(s.m.),A1
386,salute,(inter.),A1
387,saluto,(s.m.),A1
388,sapere,(v.t.),A1
389,scarpa,(s.f.),A1
390,scrivere,(v.t.),A1
391,scuola,(s.f.),A1
392,scusare,(v.t.),A1
393,secondo,(s.m.),A1
394,sedia,(s.f.),A1
395,segreteria,(s.f.),A1
396,sempre,(avv.),A1
397,senza,(prep.- avv.),A1
398,sera,(s.f.),A1
399,sete,(s.f.),A1
400,settembre,(s.m.),A1
401,settimana,(s.f.),A1
402,si,(pron.),A1
403,sì,(avv.),A1
404,sigaretta,(s.f.),A1
405,significare,(v.t.),A1
406,signore/a,(s.m. – s.f.),A1
407,simpatico,(agg.),A1
408,singolo,(agg.),A1
409,sinistra,(s.f.),A1
410,soggiorno,(s.m.),A1
411,soldo,(s.m.),A1
412,sole,(s.m.),A1
413,sonno,(s.m.),A1
414,sopra,(avv.),A1
415,sorella,(s.f.),A1
416,sotto,(avv.),A1
417,spaghetto,(s.m.),A1
418,spedire,(v.t.),A1
419,spesa,(s.f.),A1
420,spesso,(avv.),A1
421,spiaggia,(s.f.),A1
422,sporco,(agg.),A1
423,sport,(s.m.),A1
424,sposare,(v.t.),A1
425,stanco,(agg.),A1
426,stare,(v.int.),A1
427,stazione,(s.f.),A1
428,stop,(s.m.),A1
429,strada,(s.f.),A1
430,straniero,(agg.),A1
431,stretto,(agg.),A1
432,studente/ssa,(s.m. – s.f.),A1
433,studiare,(v.t.),A1
434,su,(avv.),A1
435,suonare,(v.t.),A1
436,supermercato,(s.m.),A1
437,svegliarsi,(v.int. pron.),A1
438,tanto,(agg. – avv.),A1
439,tardi,(avv.),A1
440,tavolo,(s.m.),A1
441,taxi,(s.m.),A1
442,te,(pron.),A1
443,tè,(s.m.),A1
444,teatro,(s.m.),A1
445,telefonare,(v. int.),A1
446,telefono,(s.m.),A1
447,televisione,(s.f.),A1
448,ti,(pron.),A1
449,tornare,(v.int.),A1
450,treno,(s.m.),A1
451,triste,(agg.),A1
452,troppo,(agg. – avv.),A1
453,trovare,(v.t.),A1
454,tu,(pron.),A1
455,tuo,(agg.),A1
456,turista,(s.m. – s.f.),A1
457,tutto,(agg.),A1
458,tv,(s.f),A1
459,ufficio,(s.m.),A1
460,un/o/a,(art.),A1
461,università,(s.f.),A1
462,uomo,(s.m.),A1
463,uovo,(s.m.),A1
464,uscire,(v.int.),A1
465,vacanza,(s.f.),A1
466,valigia,(s.f.),A1
467,vecchio,(agg.),A1
468,vedersi,(v. rifl. recip.),A1
469,venerdì,(s.m.),A1
470,venire,(v.int.),A1
471,verde,(agg.),A1
472,verdura,(s.f.),A1
473,vero,(agg.),A1
474,vestito,(s.m.),A1
475,via,(s.f.),A1
476,viaggiare,(v.int.),A1
477,viaggio,(s.m.),A1
478,vicino,(avv.),A1
479,vino,(s.m.),A1
480,visitare,(v.t.),A1
481,visto,(s.m.),A1
482,vivere,(v.int.),A1
483,voi,(pron.),A1
484,volere,(v.int.),A1
485,zaino,(s.m.),A1
486,zucchero,(s.m.),A1
487,abbastanza,(avv.),A2
488,abbonamento,(s.m.),A2
489,abbracciare,(v.t.),A2
490,abbraccio,(s.m.),A2
491,accendere,(v.t.),A2
492,accendino,(s.m.),A2
493,accompagnare,(v.t.),A2
494,accordo,(s.m.),A2
495,acquistare,(v.t.),A2
496,addio,(inter.),A2
497,addormentarsi,(v. int. pron.),A2
498,adulto/a,(agg. - s.m. - s.f.),A2
499,affittare,(v.t.),A2
500,affitto,(s.m.),A2
501,aiutare,(v.t.),A2
502,alcuno,(agg.),A2
503,alimentari,(s.m. pl.),A2
504,allegro,(agg.),A2
505,allora,(avv.),A2
506,altro,(pron. – agg.),A2
507,alzarsi,(v.rifl.),A2
508,amaro,(agg.),A2
509,ancora,(avv.),A2
510,anello,(s.m.),A2
511,annoiarsi,(v.int.pron.),A2
512,anticipo,(s.m.),A2
513,antico,(agg.),A2
514,antipasto,(s.m.),A2
515,antipatico,(agg.),A2
516,anziano/a,(agg. - s.m. - s.f.),A2
517,aperitivo,(s.m.),A2
518,appena,(avv.),A2
519,appetito,(s.m.),A2
520,arancia,(s.f.),A2
521,arancione,(agg.),A2
522,argento,(s.m.),A2
523,aria,(s.f.),A2
524,armadio,(s.m.),A2
525,arrabbiarsi,(v. int. pron.),A2
526,arrivo,(s.m.),A2
527,arrosto,(s.m.),A2
528,articolo,(s.m.),A2
529,ascensore,(s.m.),A2
530,asciugamano,(s.m.),A2
531,asciugare/si,(v.t. – v.rifl. – v.t. pron.),A2
532,attraversare,(v.t.),A2
533,aula,(s.f.),A2
534,auto,(mobile)(s.f.),A2
535,autostrada,(s.f.),A2
536,azzurro,(agg.),A2
537,baciare,(v.t.),A2
538,baffo,(s.m.),A2
539,balcone,(s.m.),A2
540,bambola,(s.f.),A2
541,banana,(s.f.),A2
542,banco,(s.m.),A2
543,barba,(s.f.),A2
544,barca,(s.f.),A2
545,basso,(agg.),A2
546,basta,(inter.),A2
547,benvenuto,(agg.),A2
548,benzina,(s.f.),A2
549,bibita,(s.f.),A2
550,biblioteca,(s.f.),A2
551,bicicletta,(s.f.),A2
552,biglietteria,(s.f.),A2
553,bisogno,(s.m.),A2
554,bistecca,(s.f.),A2
555,bocca,(s.f.),A2
556,bosco,(s.m.),A2
557,braccio,(s.m.),A2
558,brutto,(agg.),A2
559,buio,(s.m.),A2
560,burro,(s.m.),A2
561,calcio,(s.m.),A2
562,calmo,(agg.),A2
563,camminare,(v.int.),A2
564,campeggio,(s.m.),A2
565,camper,(s.m.),A2
566,cantina,(s.f.),A2
567,capo,(s.m.),A2
568,cappello,(s.m.),A2
569,carota,(s.f.),A2
570,casalingo/a,(s.m. – s.f.),A2
571,cassa,(s.f.),A2
572,cattivo,(agg.),A2
573,cavallo,(s.m.),A2
574,centimetro,(s.m.),A2
575,chiaro,(agg.),A2
576,chiedere,(v.t.),A2
577,chilo,(s.m.),A2
578,chilometro,(s.m.),A2
579,cielo,(s.m.),A2
580,cin-cin,(inter.),A2
581,cioccolato,(s.m.),A2
582,circa,(avv.),A2
583,cognato/a,(s.m. - s.f.),A2
584,collana,(s.f.),A2
585,collega,(s.m. - s.f.),A2
586,collina,(s.f.),A2
587,colorare,(v.t.),A2
588,commesso/a,(s.m. - s.f.),A2
589,comodino,(s.m.),A2
590,comodo,(agg.),A2
591,compito,(s.m.),A2
592,completo,(agg.),A2
593,complimento,(s.m.),A2
594,concerto,(s.m.),A2
595,confine,(s.m.),A2
596,congratulazione,(s.f.),A2
597,conoscere,(v.t.),A2
598,contento,(agg.),A2
599,continuare,(v.t.),A2
600,contorno,(s.m.),A2
601,conversazione,(s.f.),A2
602,coperta,(s.f.),A2
603,coppia,(s.f.),A2
604,corpo,(s.m.),A2
605,correggere,(v.t.),A2
606,correre,(v.int.),A2
607,così,(avv.),A2
608,costo,(s.m.),A2
609,cotone,(s.m.),A2
610,credere,(v.t.),A2
611,crema,(s.f.),A2
612,crociera,(s.f.),A2
613,cucinare,(v.t.),A2
614,cugino/a,(s.m. - s.f.),A2
615,cultura,(s.f.),A2
616,cuscino,(s.m.),A2
617,da,(prep.),A2
618,debole,(agg.),A2
619,dente,(s.m.),A2
620,dentifricio,(s.m.),A2
621,dettato,(s.m.),A2
622,dialogo,(s.m.),A2
623,dimenticare/si,(v.t. – v. int. pron.),A2
624,dipingere,(v.t.),A2
625,dipinto,(s.m.),A2
626,direttore/trice,(s.m. - s.f.),A2
627,discoteca,(s.f.),A2
628,disegnare,(v.t.),A2
629,dispiacere,(v.int.),A2
630,distributore,(s.m.),A2
631,dito,(s.m.),A2
632,ditta,(s.f.),A2
633,divano,(s.m.),A2
634,diverso,(agg.),A2
635,divertente,(agg.),A2
636,divertimento,(s.m.),A2
637,divertirsi,(v. rifl.),A2
638,divorziare,(v. int.),A2
639,dizionario,(s.m.),A2
640,dogana,(s.f.),A2
641,dolce,(agg. - s.m.),A2
642,dritto,(avv.),A2
643,durante,(prep.),A2
644,ecco,(locuz.),A2
645,economia,(s.f.),A2
646,elegante,(agg.),A2
647,elementare,(agg.),A2
648,entrata,(s.f.),A2
649,erba,(s.f.),A2
650,errore,(s.m.),A2
651,esame,(s.m.),A2
652,esempio,(s.m.),A2
653,est,(s.m.),A2
654,età,(s.f.),A2
655,etto,(s.m.),A2
656,faccia,(s.f.),A2
657,facoltà,(s.f.),A2
658,fattoria,(s.f.),A2
659,febbre,(s.f.),A2
660,femminile,(agg.),A2
661,fermarsi,(v.int.pron.),A2
662,fermo,(agg),A2
663,ferro,(s.m.),A2
664,fetta,(s.f.),A2
665,fiammifero,(s.m.),A2
666,fidanzato/a,(s.m. - s.f.),A2
667,fine,(s.f.),A2
668,fino,(prep.),A2
669,firma,(s.f.),A2
670,firmare,(v.t.),A2
671,fiume,(s.m.),A2
672,foglio,(s.m.),A2
673,formaggio,(s.m.),A2
674,fornello,(s.m.),A2
675,forno,(s.m.),A2
676,forse,(avv.),A2
677,forte,(agg.),A2
678,fortuna,(s.f.),A2
679,fra,(prep.),A2
680,frase,(s.f.),A2
681,freezer,(s.m.),A2
682,frequentare,(v.t.),A2
683,fresco,(agg.),A2
684,frigorifero,(s.m.),A2
685,fronte,(s.f.),A2
686,fulmine,(s.m.),A2
687,fuoco,(s.m.),A2
688,gamba,(s.f.),A2
689,garage,(s.m.),A2
690,gas,(s.m.),A2
691,gelato,(s.m.),A2
692,genero,(s.m.),A2
693,genitore,(s.m.),A2
694,geografia,(s.f.),A2
695,ghiaccio,(s.m.),A2
696,già,(avv.),A2
697,ginnastica,(s.f.),A2
698,giocattolo,(s.m.),A2
699,gioco,(s.m.),A2
700,giornalista,(s.m. - s.f.),A2
701,girare,(v.int.),A2
702,giro,(s.m.),A2
703,gita,(s.f.),A2
704,giusto,(agg.),A2
705,grado,(s.m.),A2
706,grasso,(agg.),A2
707,gratis,(avv.),A2
708,grigio,(agg.),A2
709,guanto,(s.m.),A2
710,guida,(s.f.),A2
711,guidare,(v.t.),A2
712,idea,(s.f.),A2
713,identità,(s.f.),A2
714,impermeabile,(s.m.),A2
715,impiegato/a,(s.m. - s.f.),A2
716,impossibile,(agg.),A2
717,incontrare/si,(v.t. - v. rifl. recip.),A2
718,indossare,(v.t.),A2
719,infermiere/a,(s.m. - s.f.),A2
720,ingegnere,(s.m. – s.f.),A2
721,iniziare,(v.t. – v.int.),A2
722,inizio,(s.m.),A2
723,insalata,(s.f.),A2
724,insieme,(avv.),A2
725,intorno,(avv.),A2
726,inutile,(agg.),A2
727,invitare,(v.t.),A2
728,isola,(s.f.),A2
729,lampada,(s.f.),A2
730,lana,(s.f.),A2
731,lasciare,(v.t.),A2
732,lavagna,(s.f.),A2
733,lavanderia,(s.f.),A2
734,lavandino,(s.m.),A2
735,lavare/si,(v.t. – v.rifl. – v.t. pron.),A2
736,lavastoviglie,(s.f.),A2
737,lavatrice,(s.f.),A2
738,leggero,(agg.),A2
739,legno,(s.m.),A2
740,lento,(agg.),A2
741,lenzuolo,(s.m.),A2
742,li,(pron.),A2
743,libero,(agg.),A2
744,libreria,(s.f.),A2
745,liscio,(agg.),A2
746,litro,(s.m.),A2
747,livello,(s.m.),A2
748,luce,(s.f.),A2
749,luna,(s.f.),A2
750,luogo,(s.m.),A2
751,ma,(cong.),A2
752,maiale,(s.m.),A2
753,mancia,(s.f.),A2
754,manica,(s.f.),A2
755,mano,(s.f.),A2
756,marrone,(agg.),A2
757,maschile,(agg.),A2
758,matematica,(s.f.),A2
759,materia,(s.f.),A2
760,matrimonio,(s.m.),A2
761,meccanico,(s.m. – s.f.),A2
762,medico,(s.m. – s.f.),A2
763,meglio,(avv.),A2
764,mela,(s.f.),A2
765,mensa,(s.f.),A2
766,merenda,(s.f.),A2
767,messaggio,(s.m.),A2
768,metro,(s.m.),A2
769,mettere/si,(v.t. – v.t. pron.),A2
770,minestra,(s.f.),A2
771,mobile,(s.m.),A2
772,moda,(s.f.),A2
773,moderno,(agg.),A2
774,mondo,(s.m.),A2
775,monumento,(s.m.),A2
776,mostra,(s.f.),A2
777,motorino,(s.m.),A2
778,mucca,(s.f.),A2
779,muovere/si,(v.t. – v. rifl.),A2
780,muro,(s.m.),A2
781,naso,(s.m.),A2
782,natura,(s.f.),A2
783,nave,(s.f.),A2
784,nebbia,(s.f.),A2
785,nervoso,(agg.),A2
786,neve,(s.f.),A2
787,nevicare,(v.int.),A2
788,nipote,(s.m. - s.f.),A2
789,noioso,(agg.),A2
790,noleggiare,(v.t.),A2
791,nord,(s.m.),A2
792,normale,(agg.),A2
793,nostalgia,(s.f.),A2
794,nostro,(agg. - pron.),A2
795,nuora,(s.f.),A2
796,nuotare,(v.int.),A2
797,nuoto,(s.m.),A2
798,nuvola,(s.f.),A2
799,nuvoloso,(agg.),A2
800,occhio,(s.m.),A2
801,odore,(s.m.),A2
802,offrire,(v.t.),A2
803,oggetto,(s.m.),A2
804,ogni,(agg.),A2
805,ok,(inter.),A2
806,operaio/a,(s.m. - s.f.),A2
807,orario,(s.m.),A2
808,ordinare,(v.t.),A2
809,orecchio,(s.m.),A2
810,organizzare,(v.t.),A2
811,oro,(s.m.),A2
812,ospite,(s.m. - s.f.),A2
813,ovest,(s.m.),A2
814,padella,(s.f.),A2
815,padrone/a,(s.m. - s.f.),A2
816,pagina,(s.f.),A2
817,paio,(s.m.),A2
818,palazzo,(s.m.),A2
819,palestra,(s.f.),A2
820,palla,(s.f.),A2
821,pallacanestro,(s.f.),A2
822,panino,(s.m.),A2
823,parente,(s.f.),A2
824,parete,(s.f.),A2
825,parte,(s.f.),A2
826,partenza,(s.f.),A2
827,partita,(s.f.),A2
828,passare,(v.t.),A2
829,passato,(s.m.- agg.),A2
830,passeggiare,(v.int.),A2
831,passeggiata,(s.f.),A2
832,pasto,(s.m.),A2
833,patata,(s.f.),A2
834,patente,(s.f.),A2
835,paura,(s.f.),A2
836,pausa,(s.f.),A2
837,pavimento,(s.m.),A2
838,peccato,(s.m.),A2
839,pelle,(s.f.),A2
840,pensare,(v.int.),A2
841,pensione,(s.f.),A2
842,pentola,(s.f.),A2
843,pera,(s.f.),A2
844,perdere,(v.t.),A2
845,periferia,(s.f.),A2
846,persona,(s.f.),A2
847,pesante,(agg.),A2
848,pescare,(v.t.),A2
849,pettine,(s.m.),A2
850,pezzo,(s.m.),A2
851,piangere,(v.int.),A2
852,piede,(s.m.),A2
853,pieno,(agg.),A2
854,pigro,(agg.),A2
855,pioggia,(s.f.),A2
856,pipa,(s.f.),A2
857,piscina,(s.f.),A2
858,pisello,(s.m.),A2
859,plurale,(agg.),A2
860,poi,(avv.),A2
861,pollo,(s.m.),A2
862,poltrona,(s.f.),A2
863,ponte,(s.m.),A2
864,posacenere,(s.m.),A2
865,posata,(s.f.),A2
866,possibile,(agg.),A2
867,povero,(agg.),A2
868,prato,(s.m.),A2
869,preferire,(v.t.),A2
870,preoccuparsi,(v. int. pron.),A2
871,preparare,(v.t.),A2
872,prima,(avv.),A2
873,primo,(agg. - s.m.),A2
874,probabilmente,(avv.),A2
875,problema,(s.m.),A2
876,profumo,(s.m.),A2
877,programma,(s.m.),A2
878,pronto,(agg.),A2
879,prosciutto,(s.m.),A2
880,prossimo,(agg.),A2
881,provare,(v.t.),A2
882,punto,(s.m.),A2
883,qualche,(agg.),A2
884,qualcosa,(pron.),A2
885,qualcuno,(pron.),A2
886,raffreddore,(s.m.),A2
887,ragione,(s.f.),A2
888,regalare,(v.t.),A2
889,regalo,(s.m.),A2
890,restare,(v.int.),A2
891,resto,(s.m.),A2
892,riccio,(agg.),A2
893,ricevere,(v.t. - v. int.),A2
894,ricordare/si,(v.t. - v.t. pron.),A2
895,ridere,(v.int.),A2
896,rilassarsi,(v. rifl.),A2
897,rimanere,(v.int.),A2
898,riposare/si,(v.int. - v.int. pron.),A2
899,riscaldamento,(s.m.),A2
900,ritardo,(s.m.),A2
901,ritrovare,(v.t.),A2
902,rompere,(v.t.),A2
903,rosa,(agg.),A2
904,roulotte,(s.f.),A2
905,rumore,(s.m.),A2
906,sala,(s.f.),A2
907,salame,(s.m.),A2
908,salato,(agg.),A2
909,saldo,(s.m.),A2
910,salotto,(s.m.),A2
911,salsa,(s.f.),A2
912,salve,(inter.),A2
913,sandalo,(s.m.),A2
914,sapone,(s.m.),A2
915,sbagliare,(v.t.),A2
916,sbaglio,(s.m.),A2
917,scala,(s.f.),A2
918,scegliere,(v.t.),A2
919,sci,(s.m.),A2
920,sciare,(v.int.),A2
921,scienza,(s.f.),A2
922,scomodo,(agg.),A2
923,scontrino,(s.m.),A2
924,scorso,(agg.),A2
925,scrivania,(s.f.),A2
926,scuro,(agg.),A2
927,se,(cong.),A2
928,sedersi,(v. int. pron.),A2
929,segretario/a,(s.m. - s.f.),A2
930,seguire,(v.t.),A2
931,semaforo,(s.m.),A2
932,sembrare,(v.int.),A2
933,sentire/si,(v.t. – v.rifl. recip.),A2
934,separare/si,(v.t. – v.rifl. recip.),A2
935,serio,(agg.),A2
936,seta,(s.f.),A2
937,shampoo,(s.m.),A2
938,sicuro,(agg.),A2
939,sigaro,(s.m.),A2
940,silenzio,(s.m.),A2
941,simile,(agg.),A2
942,singolare,(agg.),A2
943,soccorso,(s.m.),A2
944,soffitto,(s.m.),A2
945,solito,(agg.),A2
946,solo,(agg. - avv.),A2
947,sorpresa,(s.f.),A2
948,sorridere,(v.int.),A2
949,spazzolino,(s.m.),A2
950,specchio,(s.m.),A2
951,spegnere,(v.t.),A2
952,spendere,(v.t.),A2
953,sperare,(v.int.),A2
954,spettacolo,(s.m.),A2
955,spiegare,(v.t.),A2
956,spingere,(v. t.),A2
957,spogliarsi,(v.rifl.),A2
958,sporcare,(v.t.),A2
959,sportivo,(agg.),A2
960,sposare/si,(v.t. – v. rifl. recip.),A2
961,spuntino,(s.m.),A2
962,squadra,(s.f.),A2
963,stadio,(s.m.),A2
964,stamattina,(avv.),A2
965,stanotte,(avv.),A2
966,stanza,(s.f.),A2
967,stasera,(avv.),A2
968,stella,(s.f.),A2
969,stesso,(agg.),A2
970,stirare,(v.t.),A2
971,stiro,(s.m.),A2
972,stivale,(s.m.),A2
973,storia,(s.f.),A2
974,storico,(agg.),A2
975,strano,(agg.),A2
976,studio,(s.m.),A2
977,subito,(avv.),A2
978,succedere,(v.int.),A2
979,sud,(s.m.),A2
980,suo,(agg. - pron.),A2
981,suocero/a,(s.m. - s.f.),A2
982,tabaccaio,(s.m.),A2
983,tagliare,(v.t.),A2
984,tappeto,(s.m.),A2
985,tasca,(s.f.),A2
986,tazza,(s.f.),A2
987,tecnico,(s.m. – s.f.),A2
988,telefonata,(s.f.),A2
989,temperatura,(s.f.),A2
990,tempo,(s.m.),A2
991,temporale,(s.m.),A2
992,tenda,(s.f.),A2
993,tenere,(v.t.),A2
994,tennis,(s.m.),A2
995,terra,(s.f.),A2
996,terrazza,(s.f.),A2
997,testa,(s.f.),A2
998,tetto,(s.m.),A2
999,tiepido,(agg.),A2
1000,timido,(agg.),A2
1001,tirare,(v.t.),A2
1002,toccare,(v.t.),A2
1003,togliere,(v.t.),A2
1004,torta,(s.f.),A2
1005,tortellino,(s.m.),A2
1006,tosse,(s.f.),A2
1007,tovaglia,(s.f.),A2
1008,tovagliolo,(s.m.),A2
1009,tra,(prep.),A2
1010,traffico,(s.m.),A2
1011,tranquillo,(agg.),A2
1012,trascorrere,(v.t.),A2
1013,tuono,(s.m.),A2
1014,uccello,(s.m.),A2
1015,uguale,(agg.),A2
1016,ultimo,(agg.),A2
1017,usare,(v.t.),A2
1018,uscita,(s.f.),A2
1019,utile,(agg.),A2
1020,vasca,(s.f.),A2
1021,vaso,(s.m.),A2
1022,vedere/si,(v.t. - v. rifl. recip.),A2
1023,vedovo,(agg.),A2
1024,veloce,(agg.),A2
1025,vendere,(v.t.),A2
1026,vento,(s.m.),A2
1027,veramente,(avv.),A2
1028,verbo,(s.m.),A2
1029,vestirsi,(v. rifl.),A2
1030,vetrina,(s.f.),A2
1031,vetro,(s.m.),A2
1032,vi,(pron.),A2
1033,viola,(agg.),A2
1034,virgola,(s.f.),A2
1035,voce,(s.f.),A2
1036,voglia,(s.f.),A2
1037,volare,(v.int.),A2
1038,volta,(s.f.),A2
1039,vostro,(agg. - pron.),A2
1040,vuoto,(agg.),A2
1041,water,(s.m.),A2
1042,zio/a,(s.m. - s.f.),A2
1043,abitante,(s.m. - s.f.),B1
1044,accanto,(avv.),B1
1045,accento,(s.m.),B1
1046,accomodarsi,(v.int.pron.),B1
1047,acconto,(s.m.),B1
1048,acido,(agg.),B1
1049,affettuoso,(agg.),B1
1050,aggiungere,(v.t.),B1
1051,aggiustare,(v.t.),B1
1052,aglio,(s.m.),B1
1053,alba,(s.f.),B1
1054,allergico,(agg.),B1
1055,alloggio,(s.m.),B1
1056,almeno,(avv.),B1
1057,ambulanza,(s.f.),B1
1058,ambulatorio,(s.m.),B1
1059,amicizia,(s.f.),B1
1060,ammalarsi,(v.int.pron.),B1
1061,ammobiliato,(agg.),B1
1062,analisi,(s.f.),B1
1063,angolo,(s.m.),B1
1064,annuncio,(s.m.),B1
1065,ansia,(s.f.),B1
1066,ansioso,(agg.),B1
1067,appassionato,(agg.),B1
1068,appunto,(s.m.),B1
1069,asilo,(s.m.),B1
1070,aspro,(agg.),B1
1071,assegno,(s.m.),B1
1072,assolutamente,(avv.),B1
1073,attendere,(v.t.),B1
1074,attentamente,(avv.),B1
1075,attesa,(s.f.),B1
1076,attore/trice,(s.m. - s.f.),B1
1077,avaro,(agg.),B1
1078,avverbio,(s.m.),B1
1079,bagaglio,(s.m.),B1
1080,bagnare/si,(v.t. - v.rifl.),B1
1081,bancomat,(s.m.),B1
1082,banconota,(s.f.),B1
1083,beh,(inter.),B1
1084,bilancia,(s.f.),B1
1085,bilocale,(s.m.),B1
1086,binario,(s.m.),B1
1087,bisognare,(v.int.),B1
1088,bocciare,(v.t.),B1
1089,bollente,(agg.),B1
1090,bollire,(v. int.),B1
1091,breve,(agg.),B1
1092,bruciarsi,(v.t.pron.),B1
1093,buttare,(v.t.),B1
1094,cadere,(v.int.),B1
1095,calma,(s.f.),B1
1096,calmarsi,(v.int.pron.),B1
1097,camion,(s.m.),B1
1098,campo,(s.m.),B1
1099,canale,(s.m.),B1
1100,canguro,(s.m.),B1
1101,cantante,(s.m - s.f.),B1
1102,capace,(agg.),B1
1103,capodanno,(s.m.),B1
1104,caricare,(v.t.),B1
1105,carnevale,(s.m.),B1
1106,cartone,(s.m.),B1
1107,cassettiera,(s.f.),B1
1108,causa,(s.f.),B1
1109,cerotto,(s.m.),B1
1110,certamente,(avv.),B1
1111,cervello,(s.m.),B1
1112,chiacchierare,(v.int.),B1
1113,cimitero,(s.m.),B1
1114,cioè,(cong.),B1
1115,cipolla,(s.f.),B1
1116,classico,(agg.),B1
1117,cliccare,(v.t.),B1
1118,cliente,(s.m. - s.f.),B1
1119,clima,(s.m.),B1
1120,clinica,(s.f.),B1
1121,coincidenza,(s.f.),B1
1122,collegio,(s.m.),B1
1123,collezionare,(v.t.),B1
1124,collezione,(s.f.),B1
1125,colloquio,(s.m.),B1
1126,colpa,(s.f.),B1
1127,commedia,(s.f.),B1
1128,compagnia,(s.f.),B1
1129,compilare,(v.t.),B1
1130,complemento,(s.m.),B1
1131,complicare,(v.t.),B1
1132,comportarsi,(v.int. pron.),B1
1133,Comune,(s.m.),B1
1134,comunicare,(v.t.),B1
1135,comunicazione,(s.f.),B1
1136,comunque,(cong.),B1
1137,concorso,(s.m.),B1
1138,condizionare,(v.t.),B1
1139,condoglianza,(s.f.),B1
1140,condominio,(s.m.),B1
1141,confuso,(agg.),B1
1142,connettersi,(v.rifl.),B1
1143,conoscenza,(s.f.),B1
1144,consegnare,(v.t.),B1
1145,consigliare,(v.t.),B1
1146,consiglio,(s.m.),B1
1147,contante,(s.m.),B1
1148,contattare,(v.t.),B1
1149,contemporaneo,(agg.),B1
1150,copia,(s.f.),B1
1151,coraggio,(inter.),B1
1152,cordiale,(agg.),B1
1153,cordialmente,(avv.),B1
1154,corrente,(agg.),B1
1155,costoso,(agg.),B1
1156,costruire,(v.t.),B1
1157,costruzione,(s.f.),B1
1158,crepare,(v.int.),B1
1159,crudo,(agg.),B1
1160,cui,(pron.),B1
1161,cuocere,(v.t.),B1
1162,cuore,(s.m.),B1
1163,curioso,(agg.),B1
1164,curriculum vitae,(loc.sost.m.),B1
1165,dappertutto,(avv.),B1
1166,davvero,(avv.),B1
1167,decidere,(v.t.),B1
1168,denaro,(s.m.),B1
1169,dentista,(s.m. - s.f.),B1
1170,deprimere,(v.t.),B1
1171,descrivere,(v.t.),B1
1172,dialetto,(s.m.),B1
1173,diario,(s.m.),B1
1174,dieta,(s.f.),B1
1175,differente,(agg.),B1
1176,dipendere,(v.int.),B1
1177,diploma,(s.m.),B1
1178,diplomarsi,(v. int. pron.),B1
1179,direttamente,(avv.),B1
1180,direzione,(s.f.),B1
1181,discesa,(s.f.),B1
1182,disoccupato/a,(agg. - s.m. - s.f.),B1
1183,dispensa,(s.f.),B1
1184,disperare,(v.int),B1
1185,distinto,(agg.),B1
1186,diventare,(v.int.),B1
1187,documentario,(s.m.),B1
1188,dolore,(s.m.),B1
1189,dopodomani,(avv.),B1
1190,dunque,(cong.),B1
1191,duomo,(s.m.),B1
1192,durare,(v.int.),B1
1193,duro,(agg.),B1
1194,eccezionale,(agg.),B1
1195,egoista,(agg.),B1
1196,egregio,(agg.),B1
1197,eh,(inter.),B1
1198,elettricista,(s.m. - s.f.),B1
1199,elicottero,(s.m.),B1
1200,emergenza,(s.f.),B1
1201,emozione,(s.f.),B1
1202,esperienza,(s.f.),B1
1203,esprimere,(v.t.),B1
1204,estroverso,(agg.),B1
1205,famoso,(agg.),B1
1206,fantastico,(agg.),B1
1207,farina,(s.f.),B1
1208,favola,(s.f.),B1
1209,felicità,(s.f.),B1
1210,feria,(s.f.),B1
1211,ferire/si,(v.t. – v.int.pron.),B1
1212,ferita,(s.f.),B1
1213,fermare/si,(v.t. - v.int.pron.),B1
1214,festeggiare,(v.t.),B1
1215,fiction,(s.f.),B1
1216,finale,(agg.),B1
1217,finalmente,(avv.),B1
1218,fontana,(s.f.),B1
1219,forma,(s.f.),B1
1220,forza,(s.f. - inter.),B1
1221,freno,(s.m.),B1
1222,fretta,(s.f.),B1
1223,friggere,(v.t.),B1
1224,frullatore,(s.m.),B1
1225,fumetto,(s.m.),B1
1226,fumo,(s.m.),B1
1227,funzionare,(v.int.),B1
1228,futuro,(s.m.),B1
1229,gara,(s.f.),B1
1230,generalmente,(avv.),B1
1231,genere,(s.m.),B1
1232,generoso,(agg.),B1
1233,gente,(s.f.),B1
1234,giardinaggio,(s.m.),B1
1235,giocatore/trice,(s.m. - s.f.),B1
1236,gioia,(s.f.),B1
1237,grammo,(s.m.),B1
1238,grosso,(agg.),B1
1239,gruppo,(s.m.),B1
1240,guadagnare,(v.t.),B1
1241,guarire,(v.int.),B1
1242,guasto,(agg. - s.m.),B1
1243,gusto,(s.m.),B1
1244,idraulico,(s.m.),B1
1245,immaginare,(v.t.),B1
1246,impaziente,(agg.),B1
1247,impegnare,(v.t.),B1
1248,impegno,(s.m.),B1
1249,impianto,(s.m.),B1
1250,importare,(v.int.),B1
1251,improbabile,(agg.),B1
1252,improvvisamente,(avv.),B1
1253,improvviso,(agg.),B1
1254,incendio,(s.m.),B1
1255,incidente,(s.m.),B1
1256,incominciare,(v.t.),B1
1257,incredibile,(agg.),B1
1258,incrocio,(s.m.),B1
1259,incubo,(s.m.),B1
1260,indifferente,(agg.),B1
1261,indimenticabile,(agg.),B1
1262,infatti,(cong.),B1
1263,infine,(avv.),B1
1264,informare,(v.t.),B1
1265,innamorarsi,(v.int. pron.),B1
1266,inoltre,(avv.),B1
1267,insipido,(agg.),B1
1268,insomma,(avv.),B1
1269,interessarsi,(v.int.pron.),B1
1270,introverso,(agg.),B1
1271,invece,(cong.),B1
1272,inventare,(v.t.),B1
1273,inviare,(v.t.),B1
1274,istituto,(s.m.),B1
1275,ladro/a,(s.m. – s.f.),B1
1276,laurea,(s.f.),B1
1277,laurearsi,(v.int.pron.),B1
1278,lentamente,(avv.),B1
1279,leone,(s.m.),B1
1280,liceo,(s.m.),B1
1281,linea,(s.f.),B1
1282,liquido,(agg.),B1
1283,lirica,(agg. - s.f.),B1
1284,locale,(s.m.),B1
1285,lotto,(s.m.),B1
1286,lupo,(s.m.),B1
1287,maestro/a,(s.m. - s.f.),B1
1288,maggiore,(agg.),B1
1289,magnifico,(agg.),B1
1290,malattia,(s.f.),B1
1291,mancare,(v.int.),B1
1292,mandare,(v.t.),B1
1293,marca,(s.f.),B1
1294,marciapiede,(s.m.),B1
1295,master,(s.m.),B1
1296,massimo,(agg.),B1
1297,medio,(agg.),B1
1298,mensile,(s.m.),B1
1299,mensola,(s.f.),B1
1300,mentre,(cong.),B1
1301,meraviglioso,(agg.),B1
1302,metallo,(s.m.),B1
1303,metropoli,(s.f.),B1
1304,migliorare,(v.t. - v.int.),B1
1305,migliore,(agg.),B1
1306,minimo,(agg.),B1
1307,minore,(agg.),B1
1308,mite,(agg.),B1
1309,modo,(s.m.),B1
1310,modulo,(s.m.),B1
1311,moneta,(s.f.),B1
1312,monolocale,(s.m.),B1
1313,morte,(s.f.),B1
1314,motivo,(s.m.),B1
1315,motore,(s.m.),B1
1316,musicale,(agg.),B1
1317,nascondere,(v.t.),B1
1318,naturale,(agg.),B1
1319,navigare,(v.int.),B1
1320,ne,(part. pron.),B1
1321,né,(cong.),B1
1322,neanche,(avv - cong.),B1
1323,necessario,(agg.),B1
1324,negativo,(agg.),B1
1325,notizia,(s.f.),B1
1326,novità,(s.f.),B1
1327,obbligatorio,(agg.),B1
1328,occasione,(s.f.),B1
1329,occupare/si,(v.t. - v. int. pron.),B1
1330,odiare,(v.t.),B1
1331,odio,(s.m.),B1
1332,offerta,(s.f.),B1
1333,onesto,(agg.),B1
1334,opera,(s.f.),B1
1335,opinione,(s.f.),B1
1336,oppure,(cong.),B1
1337,ordine,(s.m.),B1
1338,orribile,(agg.),B1
1339,ospitalità,(s.f.),B1
1340,osservare,(v.t.),B1
1341,ottimista,(agg.),B1
1342,ottimo,(agg.),B1
1343,ovale,(agg.),B1
1344,paese,(s.m.),B1
1345,parere,(s.m.),B1
1346,partecipare,(v.int.),B1
1347,particolarmente,(avv.),B1
1348,passaggio,(s.m.),B1
1349,passione,(s.f.),B1
1350,pazienza,(s.f.),B1
1351,pediatra,(s.m. - s.f.),B1
1352,pedonale,(agg.),B1
1353,peggio,(avv. - agg.),B1
1354,peggiorare,(v.t.),B1
1355,peggiore,(agg.),B1
1356,perciò,(cong.),B1
1357,perfetto,(agg.),B1
1358,periodo,(s.m.),B1
1359,permesso,(s.m.),B1
1360,però,(cong.),B1
1361,pesare,(v.t.),B1
1362,pessimista,(agg.),B1
1363,pessimo,(agg.),B1
1364,phon,(s.m.),B1
1365,piacevole,(agg.),B1
1366,piccante,(agg.),B1
1367,piegare/si,(v.t. - v. rifl.),B1
1368,pillola,(s.f.),B1
1369,pittore/trice,(s.m. - s.f.),B1
1370,pittura,(s.f.),B1
1371,piuttosto,(avv.),B1
1372,pizzico,(s.m.),B1
1373,plastica,(s.f.),B1
1374,poesia,(s.f.),B1
1375,poeta/essa,(s.m. - s.f.),B1
1376,pompiere,(s.m.),B1
1377,pop,(s.m. - agg.),B1
1378,porto,(s.m.),B1
1379,positivo,(agg.),B1
1380,possibilità,(s.f.),B1
1381,postino,(s.m.),B1
1382,praticamente,(avv.),B1
1383,pratico,(agg.),B1
1384,precedente,(agg.),B1
1385,prefisso,(s.m.),B1
1386,pregare,(v.t.),B1
1387,premere,(v.t.),B1
1388,preposizione,(s.f.),B1
1389,presentare,(v.t.),B1
1390,preside,(s.m. - s.f.),B1
1391,prestare,(v.t.),B1
1392,previsione,(s.f.),B1
1393,prezzemolo,(s.m.),B1
1394,probabile,(agg.),B1
1395,prodotto,(s.m.),B1
1396,profondo,(agg.),B1
1397,promettere,(v.t.),B1
1398,promuovere,(v.t.),B1
1399,pronome,(s.m.),B1
1400,pronuncia,(s.f.),B1
1401,proporre,(v.t.),B1
1402,proprio,(avv.),B1
1403,protagonista,(s.m. - s.f.),B1
1404,pubblicità,(s.f.),B1
1405,pulizia,(s.f.),B1
1406,pure,(cong.),B1
1407,purtroppo,(avv.),B1
1408,quadrato,(agg.),B1
1409,qualsiasi,(pron. - agg.),B1
1410,quartiere,(s.m.),B1
1411,questura,(s.f.),B1
1412,quindi,(avv. - cong.),B1
1413,quotidiano,(s.m.),B1
1414,racchetta,(s.f.),B1
1415,raccogliere,(v.t.),B1
1416,raccomandata,(s.f.),B1
1417,raccontare,(v.t.),B1
1418,raramente,(avv.),B1
1419,regista,(s.m. - s.f.),B1
1420,rendere,(v.t.),B1
1421,reparto,(s.m.),B1
1422,restituire,(v.t.),B1
1423,rettangolare,(agg.),B1
1424,rettore,(s.m.),B1
1425,riassumere,(v.t.),B1
1426,ricetta,(s.f.),B1
1427,ricordo,(s.m.),B1
1428,ringraziare,(v.t.),B1
1429,riparare,(v.t.),B1
1430,risultato,(s.m.),B1
1431,ritirare,(v.t.),B1
1432,riuscire,(v.int.),B1
1433,rivista,(s.f.),B1
1434,rock,(s.m.),B1
1435,romantico,(agg.),B1
1436,romanzo,(s.m.),B1
1437,rompere/si,(v.t. - v.t. pron.),B1
1438,rotondo,(agg.),B1
1439,rubare,(v.t.),B1
1440,ruota,(s.f.),B1
1441,sacco,(s.m.),B1
1442,salire,(v.t. - v.int.),B1
1443,salita,(s.f.),B1
1444,saltare,(v.t. - v.int.),B1
1445,salutare,(v.t.),B1
1446,sano,(agg.),B1
1447,sapore,(s.m.),B1
1448,sbagliare/si,(v.t. - v.int. - v.int. pron.),B1
1449,sbucciare,(v.t.),B1
1450,scaffale,(s.m.),B1
1451,scaricare,(v.t.),B1
1452,scendere,(v.t. - v.int.),B1
1453,schiera,(s.f.),B1
1454,schifo,(s.m.),B1
1455,sciopero,(s.m.),B1
1456,sciroppo,(s.m.),B1
1457,sconto,(s.m.),B1
1458,scoprire,(v.t.),B1
1459,scrittore/trice,(s.m. - s.f.),B1
1460,scultore/trice,(s.m. - s.f.),B1
1461,scultura,(s.f.),B1
1462,sdraiare/si,(v. t. - v. rifl.),B1
1463,secco,(agg.),B1
1464,secolo,(s.m.),B1
1465,seguente,(agg.),B1
1466,semplice,(agg.),B1
1467,sennò,(cong.),B1
1468,serata,(s.f.),B1
1469,sereno,(agg.),B1
1470,servire,(v. int.),B1
1471,settimanale,(s.m.),B1
1472,sfortuna,(s.f.),B1
1473,sia,(cong.),B1
1474,siccome,(cong.),B1
1475,sicuramente,(avv.),B1
1476,sito,(s.m.),B1
1477,situazione,(s.f.),B1
1478,smettere,(v.t.),B1
1479,sms,(s.m.),B1
1480,socievole,(agg.),B1
1481,soggetto,(s.m.),B1
1482,sognare,(v.t.),B1
1483,sogno,(s.m.),B1
1484,solido,(agg.),B1
1485,soltanto,(avv.),B1
1486,soprattutto,(avv.),B1
1487,sottile,(agg.),B1
1488,spaventare,(v.t.),B1
1489,spaventoso,(agg.),B1
1490,speciale,(agg.),B1
1491,specialmente,(avv.),B1
1492,spettabile,(agg.),B1
1493,spicchio,(s.m.),B1
1494,spostare,(v.t.),B1
1495,stage,(s.m.),B1
1496,stampare,(v.t.),B1
1497,stendere/si,(v.t. - v.rifl.),B1
1498,stomaco,(s.m.),B1
1499,stress,(s.m.),B1
1500,stressare,(v.t.),B1
1501,successo,(s.m.),B1
1502,superare,(v.t.),B1
1503,svolgere,(v.t.),B1
1504,talk-show,(s.m.),B1
1505,telefilm,(s.m.),B1
1506,telegiornale,(s.m.),B1
1507,tenero,(agg.),B1
1508,terminare,(v.t.),B1
1509,termometro,(s.m.),B1
1510,termosifone,(s.m.),B1
1511,terribile,(agg.),B1
1512,tigre,(s.f.),B1
1513,tipo,(s.m.),B1
1514,titolo,(s.m.),B1
1515,tombola,(s.f.),B1
1516,torre,(s.f.),B1
1517,tostapane,(s.m.),B1
1518,totale,(s.m.),B1
1519,tradurre,(v.t.),B1
1520,tragedia,(s.f.),B1
1521,tramonto,(s.m.),B1
1522,trasferirsi,(v.int. pron.),B1
1523,traslocare,(v.int.),B1
1524,trasloco,(s.m.),B1
1525,trasmissione,(s.f.),B1
1526,trasparente,(agg.),B1
1527,trasportare,(v.t.),B1
1528,trovare/si,(v.t. - v.int. pron.),B1
1529,tuttavia,(cong.),B1
1530,ubriacarsi,(v.int.pron.),B1
1531,ubriaco,(agg.),B1
1532,ulteriore,(agg.),B1
1533,umido,(agg.),B1
1534,umore,(s.m.),B1
1535,unico,(agg.),B1
1536,utilizzare,(v.t.),B1
1537,vaglia,(s.m.),B1
1538,vagone,(s.m.),B1
1539,variabile,(agg.),B1
1540,velocemente,(avv.),B1
1541,versare,(v.t.),B1
1542,verso,(prep.),B1
1543,vietare,(v.t.),B1
1544,vigile/ssa,(s.m. - s.f.),B1
1545,villa,(s.f.),B1
1546,villaggio,(s.m.),B1
1547,vincere,(v.t. - v.int.),B1
1548,vita,(s.f.),B1
1549,vivo,(agg.),B1
1550,volentieri,(avv.),B1
1551,abbandonare,(v.t.),B2
1552,abbassare,(v.t.),B2
1553,abbondante,(agg.),B2
1554,abile,(agg.),B2
1555,abilità,(s.f.),B2
1556,abitazione,(s.f.),B2
1557,abituarsi,(v. rifl.),B2
1558,abitudine,(s.f.),B2
1559,accadere,(v.int.),B2
1560,accarezzare,(v.t.),B2
1561,accelerare,(v.int.),B2
1562,accettare,(v.t.),B2
1563,accidenti,(inter.),B2
1564,accogliere,(v.t.),B2
1565,accorgersi,(v.int.pron.),B2
1566,accusare,(v.t.),B2
1567,adatto,(agg.),B2
1568,addetto/a,(s.m. - s.f.),B2
1569,adolescente,(s.m. - s.f.),B2
1570,adoperare,(v.t.),B2
1571,adorare,(v.t.),B2
1572,adottare,(v.t.),B2
1573,affare,(s.m.),B2
1574,affatto,(avv.),B2
1575,affermare,(v.t.),B2
1576,affermazione,(s.f.),B2
1577,affinché,(cong.),B2
1578,affrontare,(v.t.),B2
1579,agio,(s.m.),B2
1580,agricoltura,(s.f.),B2
1581,agriturismo,(s.m.),B2
1582,alimentazione,(s.f.),B2
1583,allarme,(s.m.),B2
1584,allontanarsi,(v.int.pron.),B2
1585,altrettanto,(agg.),B2
1586,altrimenti,(avv.),B2
1587,ambiente,(s.m.),B2
1588,ammazzare,(v.t.),B2
1589,ammettere,(v.t.),B2
1590,amministratore/trice,(s.m. - s.f.),B2
1591,ammirare,(v.t.),B2
1592,ampio,(agg.),B2
1593,andarsene,(v. int. pron.),B2
1594,annullare,(v.t.),B2
1595,appartenere,(v.int.),B2
1596,apprezzare,(v.t.),B2
1597,argomento,(s.m.),B2
1598,arma,(s.f.),B2
1599,armonia,(s.f.),B2
1600,arrestare,(v.t.),B2
1601,artificiale,(agg.),B2
1602,artigianato,(s.m.),B2
1603,asma,(s.f.),B2
1604,aspettare/si,(v.t. – v.t. pron.),B2
1605,aspetto,(s.m.),B2
1606,assassino/a,(s.m. - s.f),B2
1607,assente,(agg.),B2
1608,assenza,(s.f.),B2
1609,assicurare,(v.t.),B2
1610,assicurazione,(s.f.),B2
1611,associazione,(s.f.),B2
1612,assomigliare,(v.int.),B2
1613,assumere,(v.t.),B2
1614,assurdo,(agg.),B2
1615,atteggiamento,(s.m.),B2
1616,attentato,(s.m.),B2
1617,attimo,(s.m.),B2
1618,attività,(s.f.),B2
1619,attraverso,(prep.),B2
1620,augurare/si,(v.t. - v.t. pron.),B2
1621,aumentare,(v.t. - v. int.),B2
1622,aumento,(s.m.),B2
1623,autentico,(agg.),B2
1624,autore/trice,(s.m.),B2
1625,avvertire,(v.t.),B2
1626,avvicinarsi,(v. int. pron.),B2
1627,azienda,(s.f.),B2
1628,azione,(s.f.),B2
1629,base,(s.f.),B2
1630,bastare,(v.int.),B2
1631,beato,(agg.),B2
1632,bellezza,(s.f.),B2
1633,benché,(cong.),B2
1634,boh,(inter.),B2
1635,bolletta,(s.f.),B2
1636,bollettino,(s.m.),B2
1637,bomba,(s.f.),B2
1638,bonifico,(s.m.),B2
1639,brano,(s.m.),B2
1640,bugia,(s.f.),B2
1641,cadavere,(s.m.),B2
1642,calcolare,(v.t.),B2
1643,cantiere,(s.m.),B2
1644,capacità,(s.f.),B2
1645,capitale,(s.m.- s.f.),B2
1646,capitare,(v.int.),B2
1647,carabiniere,(s.m.),B2
1648,carattere,(s.m.),B2
1649,carcere,(s.m.),B2
1650,carriera,(s.f.),B2
1651,caso,(s.m.),B2
1652,catturare,(v.t.),B2
1653,cavarsela,(v.t. pron.),B2
1654,cavolo,(inter.),B2
1655,celibe,(agg.),B2
1656,certificato,(s.m.),B2
1657,chissà,(avv.),B2
1658,chiunque,(pron.),B2
1659,ciascuno,(pron.),B2
1660,cieco,(agg. - s.m.),B2
1661,cima,(s.f.),B2
1662,ciò,(pron.),B2
1663,citare,(v.t.),B2
1664,cittadinanza,(s.f.),B2
1665,coda,(s.f.),B2
1666,cogliere,(v.t.),B2
1667,collaboratore/trice,(s.m. - s.f.),B2
1668,collocamento,(s.m.),B2
1669,colpevole,(agg. - s.m. - s.f.),B2
1670,combattere,(v.t. - v.int.),B2
1671,commentare,(v.t.),B2
1672,commento,(s.m.),B2
1673,commercio,(s.m.),B2
1674,complesso,(agg.),B2
1675,comportamento,(s.m.),B2
1676,comprendere,(v.t.),B2
1677,concentrare/si,(v.t - v. rifl.),B2
1678,concorrenza,(s.f.),B2
1679,concludere,(v.t.),B2
1680,conclusione,(s.f.),B2
1681,condannare,(v.t.),B2
1682,condividere,(v.t.),B2
1683,condizione,(s.f.),B2
1684,conferenza,(s.f.),B2
1685,confermare,(v.t.),B2
1686,confrontare,(v.t.),B2
1687,confronto,(s.m.),B2
1688,coniugare,(v.t.),B2
1689,coniuge,(s.m. - s.f.),B2
1690,conseguenza,(s.f.),B2
1691,considerare,(v.t.),B2
1692,considerazione,(s.f.),B2
1693,consonante,(s.f.),B2
1694,contare,(v.t. - v.int),B2
1695,contatto,(s.m.),B2
1696,contemporaneamente,(avv.),B2
1697,continuamente,(avv.),B2
1698,contrario,(s.m.),B2
1699,contratto,(s.m.),B2
1700,contro,(prep.),B2
1701,controllare,(v.t.),B2
1702,convincere,(v.t.),B2
1703,convivente,(s.m - s.f.),B2
1704,cortesia,(s.f.),B2
1705,costringere,(v.t.),B2
1706,creare,(v.t.),B2
1707,crescere,(v.int.),B2
1708,criminale,(s.m.),B2
1709,crisi,(s.f.),B2
1710,criticare,(v.t.),B2
1711,cronaca,(s.f.),B2
1712,cura,(s.f.),B2
1713,curarsi,(v.rifl.),B2
1714,danno,(s.m.),B2
1715,dato,(s.m.),B2
1716,debito,(s.m.),B2
1717,decisione,(s.f.),B2
1718,deludere,(v.t.),B2
1719,delusione,(s.f.),B2
1720,democrazia,(s.f.),B2
1721,denuncia,(s.f.),B2
1722,denunciare,(v.t.),B2
1723,deserto,(s.m.),B2
1724,desiderare,(v.t.),B2
1725,desiderio,(s.m.),B2
1726,destinatario,(s.m),B2
1727,detestare,(v.t.),B2
1728,diavolo,(s.m.),B2
1729,dichiarare,(v.t.),B2
1730,difendere,(v.t.),B2
1731,difetto,(s.m.),B2
1732,differenza,(s.f.),B2
1733,difficoltà,(s.f.),B2
1734,diminuire,(v.int.),B2
1735,dimostrare,(v.t.),B2
1736,Dio,(s.m.),B2
1737,dipendente,(s.m - s.f.),B2
1738,dipendenza,(s.f.),B2
1739,dirigente,(s.m.- s.f.),B2
1740,disabile,(agg.),B2
1741,discorso,(s.m.),B2
1742,discussione,(s.f.),B2
1743,discutere,(v.t.),B2
1744,disgustoso,(agg.),B2
1745,distanza,(s.f.),B2
1746,disturbare,(v.t.),B2
1747,dividere,(v.t.),B2
1748,divieto,(s.m.),B2
1749,dottorato,(s.m.),B2
1750,dovunque,(avv.),B2
1751,droga,(s.f.),B2
1752,dubbio,(s.m.),B2
1753,dubitare,(v.int.),B2
1754,eccetera,(locuz.),B2
1755,eccetto,(prep.),B2
1756,educazione,(s.f.),B2
1757,elezione,(s.f.),B2
1758,enorme,(agg.),B2
1759,entro,(prep.),B2
1760,epoca,(s.f.),B2
1761,esatto,(agg. - avv.),B2
1762,escludere,(v.t.),B2
1763,esercito,(s.m.),B2
1764,esistere,(v.int.),B2
1765,espressione,(s.f.),B2
1766,esterno,(agg.),B2
1767,evidente,(agg.),B2
1768,evidenza,(s.f.),B2
1769,farcela,(v. t. pron.),B2
1770,fastidio,(s.m.),B2
1771,fatica,(s.f.),B2
1772,fede,(s.f.),B2
1773,feriale,(agg.),B2
1774,festivo,(agg.),B2
1775,fidarsi,(v. int. pron.),B2
1776,fiducia,(s.f.),B2
1777,figo,(agg.),B2
1778,figura,(s.f.),B2
1779,figurarsi,(v.t.pron.),B2
1780,fila,(s.f.),B2
1781,finché,(cong.),B2
1782,finora,(avv.),B2
1783,finto,(agg.),B2
1784,folla,(s.f.),B2
1785,fondo,(s.m.),B2
1786,formazione,(s.f.),B2
1787,fornitore,(s.m.),B2
1788,fragile,(agg.),B2
1789,fregarsene,(v.int.pron.),B2
1790,frenare,(v.int.),B2
1791,furto,(s.m.),B2
1792,galera,(s.f.),B2
1793,galleria,(s.f.),B2
1794,ganzo,(agg.),B2
1795,generazione,(s.f.),B2
1796,gesto,(s.m.),B2
1797,ghiacciaio,(s.m.),B2
1798,giudice,(s.m.),B2
1799,giustizia,(s.f.),B2
1800,globalizzazione,(s.f.),B2
1801,governo,(s.m.),B2
1802,grave,(agg.),B2
1803,gridare,(v.int.),B2
1804,guerra,(s.f.),B2
1805,gustare,(v.t.),B2
1806,ideale,(agg.),B2
1807,ideologia,(s.f.),B2
1808,imitare,(v.t.),B2
1809,immagine,(s.f.),B2
1810,immobile,(s.m.),B2
1811,impensabile,(agg.),B2
1812,importanza,(s.f.),B2
1813,impresa,(s.f.),B2
1814,impressione,(s.f.),B2
1815,includere,(v.t.),B2
1816,indispensabile,(agg.),B2
1817,infanzia,(s.f.),B2
1818,inferiore,(agg.),B2
1819,innanzitutto,(avv.),B2
1820,innocente,(agg.),B2
1821,inquilino/a,(s.m. - s.f.),B2
1822,inquinamento,(s.m.),B2
1823,insistere,(v.int.),B2
1824,intanto,(avv.),B2
1825,intendere,(v.t.),B2
1826,intenzione,(s.f.),B2
1827,interesse,(s.m.),B2
1828,interno,(agg. - s.m.),B2
1829,interrompere,(v.t.),B2
1830,intervenire,(v. int.),B2
1831,intervista,(s.f.),B2
1832,investire,(v.t.),B2
1833,invisibile,(agg.),B2
1834,iscriversi,(v.rifl.),B2
1835,iscrizione,(s.f.),B2
1836,laggiù,(avv.),B2
1837,lassù,(avv.),B2
1838,lamentarsi,(v. int. pron.),B2
1839,lato,(s.m.),B2
1840,lavorativo,(agg.),B2
1841,legge,(s.f.),B2
1842,liberare,(v.t.),B2
1843,libertà,(s.f.),B2
1844,licenziare,(v.t.),B2
1845,litigare,(v. int.),B2
1846,logico,(agg.),B2
1847,lordo,(agg.),B2
1848,magari,(inter. - cong.),B2
1849,mah,(inter.),B2
1850,maiuscola,(s.f.),B2
1851,manager,(s.m. - s.f.),B2
1852,mancanza,(s.f.),B2
1853,maniera,(s.f.),B2
1854,mantenere,(v.t.),B2
1855,maternità,(s.f.),B2
1856,matto,(agg.),B2
1857,maturità,(s.f.),B2
1858,mente,(s.f.),B2
1859,merce,(s.f.),B2
1860,messa,(s.f.),B2
1861,metodo,(s.m.),B2
1862,mettercela,(v.t. pron.),B2
1863,militare,(agg. - s.m.),B2
1864,millimetro,(s.m.),B2
1865,ministro,(s.m.),B2
1866,minuscola,(s.f.),B2
1867,minuscolo,(agg.),B2
1868,miseria,(s.f.),B2
1869,mittente,(s.m.),B2
1870,moltiplicare,(v.t.),B2
1871,morbido,(agg.),B2
1872,mostrare,(v.t.),B2
1873,movimento,(s.m.),B2
1874,multa,(s.f.),B2
1875,municipio,(s.m.),B2
1876,mura,(s.f.),B2
1877,muto,(agg.),B2
1878,mutuo,(s.m.),B2
1879,nemico,(s.m. agg.),B2
1880,nemmeno,(avv. - cong.),B2
1881,netto,(agg.),B2
1882,nonostante,(prep. - cong.),B2
1883,nubile,(agg.),B2
1884,nulla,(avv.),B2
1885,obbligare,(v.t.),B2
1886,oggigiorno,(avv.),B2
1887,ognuno,(pron.),B2
1888,omicidio,(s.m.),B2
1889,onestà,(s.f.),B2
1890,opportunità,(s.f.),B2
1891,opportuno,(agg.),B2
1892,organizzazione,(s.f.),B2
1893,orizzontale,(agg.),B2
1894,ormai,(avv.),B2
1895,ovvio,(agg.),B2
1896,pace,(s.f.),B2
1897,paesaggio,(s.m.),B2
1898,paga,(s.f.),B2
1899,pagamento,(s.m.),B2
1900,Papa,(s.m.),B2
1901,parecchio,(avv. - agg.),B2
1902,parentesi,(s.f.),B2
1903,parlamento,(s.m.),B2
1904,partito,(s.m.),B2
1905,patto,(s.m.),B2
1906,pazzesco,(agg.),B2
1907,pena,(s.f.),B2
1908,perdonare,(v.t.),B2
1909,perfino,(avv.),B2
1910,pericoloso,(agg.),B2
1911,personaggio,(s.m.),B2
1912,personale,(agg. - s.m.),B2
1913,personalità,(s.f.),B2
1914,personalmente,(avv.),B2
1915,pietà,(s.f.),B2
1916,pistola,(s.f.),B2
1917,poiché,(cong.),B2
1918,politica,(s.f.),B2
1919,politico,(agg.),B2
1920,polizza,(s.f.),B2
1921,porco,(agg.),B2
1922,porgere,(v.t.),B2
1923,possedere,(v.t.),B2
1924,povertà,(s.f.),B2
1925,precedenza,(s.f.),B2
1926,prendersela,(v. t. pron.),B2
1927,preoccupazione,(s.f.),B2
1928,presentazione,(s.f.),B2
1929,presente,(agg.),B2
1930,presenza,(s.f.),B2
1931,presidente,(s.m.),B2
1932,presso,(avv.),B2
1933,prestito,(s.m.),B2
1934,prete,(s.m.),B2
1935,prigione,(s.f.),B2
1936,principale,(s.m.),B2
1937,privato,(agg.),B2
1938,probabilità,(s.f.),B2
1939,processo,(s.m.),B2
1940,progetto,(s.m.),B2
1941,proibire,(v.t.),B2
1942,proposito,(s.m.),B2
1943,proteggere,(v.t.),B2
1944,Provincia,(s.f.),B2
1945,pubblico,(agg.),B2
1946,purché,(cong.),B2
1947,puro,(agg.),B2
1948,puzza,(s.f.),B2
1949,puzzare,(v.int.),B2
1950,qualità,(s.f.),B2
1951,qualunque,(agg.),B2
1952,questione,(s.f.),B2
1953,quintale,(s.m.),B2
1954,raccomandarsi,(v.int.pron.),B2
1955,raggiungere,(v.t.),B2
1956,rallentare,(v.t.),B2
1957,rapina,(s.f.),B2
1958,rapporto,(s.m.),B2
1959,rata,(s.f.),B2
1960,reagire,(v.int.),B2
1961,realizzare,(v.t.),B2
1962,realtà,(s.f.),B2
1963,reclamo,(s.m.),B2
1964,Regione,(s.f.),B2
1965,regola,(s.f.),B2
1966,relazione,(s.f.),B2
1967,religioso,(agg.),B2
1968,repubblica,(s.f.),B2
1969,residenza,(s.f.),B2
1970,responsabile,(agg. - s.m. - s.f.),B2
1971,responsabilità,(s.f.),B2
1972,ricchezza,(s.f.),B2
1973,ricerca,(s.f.),B2
1974,ricevuta,(s.f.),B2
1975,riconoscere,(v.t.),B2
1976,ridicolo,(agg.),B2
1977,riferire/si,(v.t. - v.int.pron.),B2
1978,rifiutare,(v.t.),B2
1979,riflettere,(v.int.),B2
1980,riguardare,(v.t.),B2
1981,rimettersi,(v.int.pron.),B2
1982,rinunciare,(v.int.),B2
1983,riprendere/si,(v.t. - v.int.pron.),B2
1984,rischioso,(agg.),B2
1985,riscontro,(s.m.),B2
1986,risolvere,(v.t.),B2
1987,risparmiare,(v.t.),B2
1988,rispettare,(v.t.),B2
1989,rispetto,(s.m.),B2
1990,roba,(s.f.),B2
1991,rotatoria,(s.f.),B2
1992,ruvido,(agg.),B2
1993,saggio,(s.m.),B2
1994,salvare,(v.t.),B2
1995,santo,(agg. - s.m.),B2
1996,scherzare,(v.int.),B2
1997,sconfiggere,(v.t.),B2
1998,scopo,(s.m.),B2
1999,scorretto,(agg.),B2
2000,scusa,(s.f.),B2
2001,sé,(pron.),B2
2002,sebbene,(cong.),B2
2003,sede,(s.f.),B2
2004,seguito,(s.m.),B2
2005,senato,(s.m.),B2
2006,sensazione,(s.f.),B2
2007,senso,(s.m.),B2
2008,sentimento,(s.m.),B2
2009,servizio,(s.m.),B2
2010,sesso,(s.m.),B2
2011,sfruttare,(v.t.),B2
2012,sicurezza,(s.f.),B2
2013,significato,(s.m.),B2
2014,sillaba,(s.f.),B2
2015,sindacato,(s.m.),B2
2016,sindaco,(s.m.),B2
2017,sistema,(s.m.),B2
2018,sociale,(agg.),B2
2019,società,(s.f.),B2
2020,socio/a,(s.m. - s.f.),B2
2021,soddisfatto,(agg.),B2
2022,soffrire,(v.int.),B2
2023,soldato/essa,(s.m. - s.f.),B2
2024,solitudine,(s.f.),B2
2025,sollecito,(agg.),B2
2026,soluzione,(s.f.),B2
2027,somma,(s.f.),B2
2028,sopravvivere,(v.int.),B2
2029,sordo,(agg.),B2
2030,sospendere,(v.t.),B2
2031,sottolineare,(v.t.),B2
2032,sottrarre,(v.t.),B2
2033,sparare,(v.t.),B2
2034,spazio,(s.m.),B2
2035,specializzarsi,(v. int. pron.),B2
2036,specializzazione,(s.f.),B2
2037,spiegare/si,(v.t. – v.rifl.),B2
2038,statale,(agg.),B2
2039,stato,(s.m.),B2
2040,stile,(s.m.),B2
2041,stipendio,(s.m.),B2
2042,suora,(s.f.),B2
2043,superiore,(agg.),B2
2044,svantaggio,(s.m.),B2
2045,svegliare/si,(v.t - v.int.pron.),B2
2046,sviluppare,(v.t.),B2
2047,sviluppo,(s.m.),B2
2048,tale,(agg.),B2
2049,talvolta,(avv.),B2
2050,tariffa,(s.f.),B2
2051,tassa,(s.f.),B2
2052,tavola,(s.f.),B2
2053,tecnologia,(s.f.),B2
2054,telegramma,(s.m.),B2
2055,temere,(v.t.),B2
2056,tensione,(s.f.),B2
2057,teoria,(s.f.),B2
2058,terapia,(s.f.),B2
2059,terrorismo,(s.m.),B2
2060,terrorizzare,(v.t.),B2
2061,testo,(s.m.),B2
2062,tipico,(agg.),B2
2063,tonnellata,(s.f.),B2
2064,torto,(s.m.),B2
2065,tradizionale,(agg.),B2
2066,tranquillità,(s.f.),B2
2067,trasformare,(v.t.),B2
2068,trattare,(v.t.),B2
2069,tratto,(s.m.),B2
2070,tribunale,(s.m.),B2
2071,turismo,(s.m.),B2
2072,uccidere,(v.t.),B2
2073,uffa,(inter.),B2
2074,urgente,(agg.),B2
2075,valere,(v.t. - v.int.),B2
2076,valore,(s.m.),B2
2077,vantaggio,(s.m.),B2
2078,vario,(agg.),B2
2079,vegetariano,(agg.),B2
2080,velocità,(s.f.),B2
2081,vergognarsi,(v.int. pron.),B2
2082,verità,(s.f.),B2
2083,verticale,(agg.),B2
2084,violenza,(s.f.),B2
2085,virgoletta,(s.f.),B2
2086,viso,(s.m.),B2
2087,vista,(s.f.),B2
2088,vocale,(s.f.),B2
2089,volontà,(s.f.),B2
2090,votare,(v.t.),B2